{
    "acc_per_sentence": 0.9214399363564041,
    "acc_per_word": 0.9870209080485008,
    "blue": 0.9520093003332093
}