{
    "acc_per_sentence": 0.7543754972155927,
    "acc_per_word": 0.8803825416575178,
    "blue": 0.839681144451017
}